id,title,date,tag,summary,content,readTime,url
"1","Mastering pyRevit: Why Every BIM Engineer Needs Python","2026-01-20","Automation","A deep dive into how pyRevit transforms the BIM workflow, from simple view management to complex parameter synchronization using the Revit API.","For many BIM engineers, the limit of automation ends at Dynamo. However, when you step into the world of pyRevit and the Revit API, you unlock a level of control that visual programming simply cannot match. pyRevit is a powerful shell that allows you to run Python scripts directly inside Revit, making it the most efficient way to deploy custom tools across a team.

In my daily workflow, I use pyRevit to solve the 'silent killers' of productivity. For example, ensuring that hundreds of structural columns have the correct shared parameters can take hours of manual entry. With a custom Python script, I can fetch data from an external structural analysis report and sync it with the Revit model in seconds. This isn't just about speed; it's about eliminating the human error that leads to site-wide discrepancies.

One of the key findings in my development journey is the 'Atomic Scripting' philosophy. Instead of building one giant tool that tries to do everything, I build small, modular scripts that handle specific tasks: checking naming conventions, isolating elements by specific parameters, or batch-generating sheets. This modularity makes the tools easier to maintain and faster for other engineers to adopt. If you are a civil engineer looking to future-proof your career, learning the Revit API via Python is no longer optional—it is a necessity.","12 min",""
"2","AEC Web Apps: Why I Build Tools with React and Vite","2026-02-02","Web Dev","Bridging the gap between engineering data and the end-user. How custom web interfaces make complex data accessible to non-technical stakeholders.","In the AEC (Architecture, Engineering, and Construction) industry, we are swimming in data. However, most of that data is trapped inside heavy engineering software like Revit or Civil 3D. Stakeholders, project managers, and clients often struggle to access this information without specialized training. This is where modern web development comes in.

I specialize in building lightweight, high-performance web applications using React and Vite that pull data directly from BIM models. By creating a custom 'Bridge' between the engineering database and a browser-based dashboard, I allow project managers to track real-time progress, material quantities, and costs from any device. This accessibility reduces the 'information lag' that often derails large-scale construction projects.

Building these tools requires a unique hybrid skillset. You need to understand the 'Engineering Logic' of how a building is put together, but you also need to understand 'Web Logic' like state management, API calls, and responsive design. In my blog, I often discuss how to use tools like Tailwind CSS for professional engineering aesthetics and how to optimize data transmission from BIM 360 to the web. The goal is simple: make the data work for the man on the ground, not just the man at the workstation.","15 min",""
"3","Why I Care About Digital Tools as a Civil Engineer","2025-11-01","Strategy","Explored the paradigm shift from manual drafting to data-driven engineering, focusing on how small automations prevent multi-million dollar errors.","In the traditional AEC (Architecture, Engineering, and Construction) industry, we often rely on manual checks and fragmented workflows. Over the past few years, I've realized that the 'gap' between a design error and a site rectified error can cost millions. Digital tools are not just 'extras'—they are the safety net. Whether it's a simple Python script to verify rebar schedules or a Google Sheets dashboard to track site progress in real-time, these tools eliminate human fatigue. For a Civil Engineer, coding is a superpower that allows us to spend less time on repetitive CAD tasks and more time on structural integrity and sustainable design.","5 min",""
"4","The Evolution of AutoCAD: From Drawing to Data Engineering","2025-11-15","CAD","AutoCAD isn't just for lines and circles anymore. Exploring how Object-Oriented CAD and LISP/Python integration are revitalizing traditional drafting.","Many believe that AutoCAD is becoming 'old tech' in the age of BIM. I disagree. For Civil Engineers and Infrastructural specialists, AutoCAD remains the 'Motherboard' where most preliminary designs live. The shift we are seeing is the move from pure 'Drafting' to 'Drawing Engineering.'

By leveraging the AutoCAD .NET API and Python integrations, we can turn traditional 2D drawings into intelligent data sets. I've developed workflows where AutoCAD geometry is automatically parsed to generate quantity take-offs directly into Excel, bypassing the need for manual counting of blocks or measuring of polylines. This level of automation ensures that the 2D plan is always a perfect representation of the underlying data.

Furthermore, the integration of AutoCAD with Civil 3D allows for complex surface analysis and site grading that was previously impossible. In this post, I explain how I use custom scripts to automate the generation of cross-sections and profile views for road projects. For any engineer who thinks AutoCAD is just a digital pencil, it's time to look under the hood at its data-processing capabilities.","10 min",""
"5","Mastering the Digital Twin: Beyond 3D Modelling","2026-01-15","BIM","Moving from BIM as a 3D model to BIM as a data source. Understanding 4D scheduling and 5D cost estimation through integrated data.","The industry is moving past simple 3D coordination. We are now in the era of 'Information' in Building Information Modelling. A true Digital Twin isn't just a geometry that looks like the building; it's a living database. In this article, I explore how we can link BIM models to external SQL databases and real-time IoT sensors. By treating the model as a data source, we can automate 4D time-scheduling (linking the model to calendars) and 5D cost-estimation (linking the model to quantity take-offs). This transition requires engineers to think like data scientists—managing properties, classifications, and parameters with surgical precision.","10 min",""
"6","First Steps Into BIM & Revit Automation","2025-11-10","Automation","A technical breakdown of using pyRevit and the Revit API to automate documentation, view management, and repetitive parameter entry.","Automation in Revit isn't just about Dynamo. While visual programming is great, the true power lies in the Revit API accessed via Python (pyRevit). My journey started with a simple problem: renaming 200 views manually. A 10-line Python script solved it in seconds. From there, I moved to complex sheet creation and parameter synchronization between structural models and architectural links. This blog discusses the 'Atomic' approach to automation—building small, reusable scripts that eventually form a complete engineering toolkit. The key is understanding the Document Object Model (DOM) of Revit and how to manipulate parameters without breaking the database.","8 min",""
"7","Balancing Site Work, Office, and Learning to Code","2026-02-05","Career","Practical routines for engineers juggling site supervision and self-taught programming. How to find time for R&D in a high-pressure industry.","The AEC industry is notoriously high-pressure. Juggling site visits, client meetings, and technical drawings leaves little room for learning new tech like React or Python. My approach is 'Contextual Learning.' I don't study code in isolation; I solve a problem I faced that morning. If I spent 3 hours checking a PDF today, I'll spend 30 minutes tonight learning how to automate that PDF check. It’s about building a 'Continuous Improvement' loop. This article breaks down my daily schedule and how I maintain a high-growth trajectory while working as a full-time Civil Engineer.","6 min",""
"8","BIM 360 & Construction Cloud: Managing Global Data","2026-02-08","Cloud","Managing data for large-scale projects across international borders. How I use Autodesk Construction Cloud to ensure data integrity.","When working on international projects, 'Data Integrity' is the most valuable currency. A single version control error in a structural drawing can lead to catastrophic consequences on-site. Autodesk Construction Cloud (BIM 360) has changed how we handle this risk by providing a Single Source of Truth.

I focus on the automation of 'Document Management' within BIM 360. Instead of manually uploading and tagging files, I use the Forge (Autodesk Platform Services) API to automate the distribution of drawings to the correct folders and disciplines. This ensures that the structural team in Kochi, the architects in London, and the contractors on-site are all looking at the same 'Latest Revision.'

Beyond just storage, BIM 360 allows for 'Model Coordination' where we can run clash detections in the cloud without needing high-end workstations. My role often involves setting up these automated clash-report cycles, so that critical design conflicts are identified and resolved weeks before a single brick is laid. Cloud coordination is no longer just a luxury; it is the backbone of modern engineering excellence.","8 min",""